{"cameraMode":{"drawMode":0,"name":"Shaded","section":"Shading Mode"},"sceneLighting":true,"audioPlay":false,"sceneViewState":{"m_AlwaysRefresh":false,"showFog":true,"showSkybox":true,"showFlares":true,"showImageEffects":true,"showParticleSystems":true,"showVisualEffectGraphs":true,"m_FxEnabled":true},"in2DMode":false,"pivot":{"x":-21.262475967407228,"y":10.701096534729004,"z":-5.099806785583496},"rotation":{"x":0.16952849924564362,"y":0.5050904750823975,"z":-0.10317381471395493,"w":0.8397142887115479},"size":0.5511625409126282,"orthographic":false}